{
  "summary": {
    "cumulative_reward": {
      "mean": 2069.7470255193057,
      "sd": 19.36906636617213,
      "ci_lower": 2050.7280901810936,
      "ci_upper": 2096.3284342554507
    },
    "time_to_mastery": {
      "mean": 120.0,
      "sd": 0.0,
      "ci_lower": 120.0,
      "ci_upper": 120.0,
      "median": 120.0,
      "p25": 120.0,
      "p75": 120.0
    },
    "blueprint_adherence": {
      "mean": 99.06115963628206,
      "sd": 0.021311370273299674,
      "ci_lower": 99.03887854539789,
      "ci_upper": 99.08987648668699
    },
    "post_content_gain": {
      "mean": 0.050587519521234574,
      "sd": 0.0008755973842582847,
      "ci_lower": 0.0493692337613458,
      "ci_upper": 0.05138860255961145
    },
    "policy_stability": {
      "sd": 19.36906636617213,
      "cv": 0.009358180554124663,
      "ci_lower": 2050.7280901810936,
      "ci_upper": 2096.3284342554507
    }
  },
  "per_seed_elapsed_sec": [
    29.258493423461914,
    28.97636103630066,
    27.60950803756714
  ]
}